strain,drug,IC50,IC50_CI_low,IC50_CI_high,bottom,top,hill_slope,converged,message,n_observations,unique_doses,assay_workflow,expected_ic50,absolute_error,percent_error,reference_group,resistance_ratio,fold_resistance_vs_reference,fold_resistance_CI_low,fold_resistance_CI_high,fold_resistance_CI_method,resistance_ratio_message
KGR,thiabendazole,78.60154173262245,52.50964220363136,101.39194013327985,0.02324436931635876,0.9287059319421791,1.333373639315553,True,OK,48,8,Egg hatch,80.0,-1.3984582673775492,-1.7480728342219365,WMD,4.200207778981543,4.200207778981543,2.646448535577921,5.537520271148758,bootstrap ratio from stored IC50 bootstrap samples,
WMD,thiabendazole,18.71372700321068,16.48592693305511,21.062687995745698,0.014538471030415836,0.9509500348583986,1.2897248730697628,True,OK,48,8,Egg hatch,20.0,-1.2862729967893216,-6.431364983946608,WMD,1.0,1.0,0.8448984971098821,1.186581948637414,bootstrap ratio from stored IC50 bootstrap samples,
KGR,ivermectin,73.0265972111568,52.74537819299231,94.8993176429938,0.028008460814713376,0.9115740414148837,1.3287792710568305,True,OK,48,8,Larval development,80.0,-6.973402788843202,-8.716753486054003,WMD,2.99795818258252,2.99795818258252,2.222668975007101,4.323207184625687,bootstrap ratio from stored IC50 bootstrap samples,
WMD,ivermectin,24.358777795976383,19.8302227172517,26.49792732913315,0.004900731695833576,0.9946256209993818,1.083674828319099,True,OK,48,8,Larval development,20.0,4.358777795976383,21.793888979881917,WMD,1.0,1.0,0.8126994898430183,1.2401416992095031,bootstrap ratio from stored IC50 bootstrap samples,
KGR,ivermectin,87.40582679124157,45.867809041971505,98.18726435533645,0.0001815845086060614,0.9999999999999999,1.21903411245627,True,OK,48,8,Survival,80.0,7.405826791241566,9.257283489051957,WMD,3.635003894138053,3.635003894138053,1.9107714065975345,4.618351467075487,bootstrap ratio from stored IC50 bootstrap samples,
WMD,ivermectin,24.04559371509768,19.98027378994564,27.16228557448019,0.0014132352641415301,0.9829473417687461,1.2745376597238331,True,OK,48,8,Survival,20.0,4.045593715097681,20.227968575488404,WMD,1.0,1.0,0.7935223251491882,1.269658499606971,bootstrap ratio from stored IC50 bootstrap samples,
