strain,drug,IC50,IC50_CI_low,IC50_CI_high,bottom,top,hill_slope,converged,message,n_observations,unique_doses,assay_workflow,expected_ic50,absolute_error,percent_error,reference_group,resistance_ratio,fold_resistance_vs_reference,fold_resistance_CI_low,fold_resistance_CI_high,fold_resistance_CI_method,resistance_ratio_message
KGR,thiabendazole,78.60154151252293,52.50964237128938,101.39194013942215,0.023244369394040527,0.9287059304244979,1.3333736416045137,True,OK,48,8,Egg hatch,80.0,-1.3984584874770718,-1.7480731093463397,WMD,4.200207777086317,4.200207777086317,2.646448516553305,5.537520270245204,bootstrap ratio from stored IC50 bootstrap samples,
WMD,thiabendazole,18.713726959252668,16.48592692225784,21.06268798548692,0.014538471744734906,0.9509500330018409,1.2897248846266853,True,OK,48,8,Egg hatch,20.0,-1.2862730407473322,-6.431365203736661,WMD,1.0,1.0,0.8448984948995565,1.186581947123265,bootstrap ratio from stored IC50 bootstrap samples,
KGR,ivermectin,73.0265969780724,52.745378169290156,94.89931763839216,0.028008460816470224,0.9115740399321488,1.3287792724823622,True,OK,48,8,Larval development,80.0,-6.973403021927595,-8.716753777409494,WMD,2.997958185330023,2.997958185330023,2.2226689778975146,4.323207185081483,bootstrap ratio from stored IC50 bootstrap samples,
WMD,ivermectin,24.35877769590487,19.830222749797695,26.497927318988896,0.004900731585001904,0.9946256199565451,1.0836748296074694,True,OK,48,8,Larval development,20.0,4.35877769590487,21.793888479524348,WMD,1.0,1.0,0.8126994926797776,1.2401417019192957,bootstrap ratio from stored IC50 bootstrap samples,
KGR,ivermectin,87.40582680659173,45.86780856126877,98.18726436581083,0.0001815845690337211,0.9999999999999999,1.2190341134437124,True,OK,48,8,Survival,80.0,7.405826806591733,9.257283508239667,WMD,3.635003880574034,3.635003880574034,1.9107713698429931,4.618351464536261,bootstrap ratio from stored IC50 bootstrap samples,
WMD,ivermectin,24.045593809046704,19.980273800259347,27.162285577971502,0.001413235061124495,0.9829473432889015,1.2745376543365985,True,OK,48,8,Survival,20.0,4.045593809046704,20.227969045233518,WMD,1.0,1.0,0.7935223241400166,1.2696584924173806,bootstrap ratio from stored IC50 bootstrap samples,
