strain,drug,IC50,IC50_CI_low,IC50_CI_high,bottom,top,hill_slope,converged,message,n_observations,unique_doses,assay_workflow,expected_ic50,absolute_error,percent_error
KGR,thiabendazole,78.60154173262245,52.50964220363136,101.39194013327985,0.02324436931635876,0.9287059319421791,1.333373639315553,True,OK,48,8,Egg hatch,80.0,-1.3984582673775492,-1.7480728342219365
WMD,thiabendazole,18.71372700321068,16.48592693305511,21.062687995745698,0.014538471030415836,0.9509500348583986,1.2897248730697628,True,OK,48,8,Egg hatch,20.0,-1.2862729967893216,-6.431364983946608
KGR,ivermectin,73.0265972111568,52.74537819299231,94.8993176429938,0.028008460814713376,0.9115740414148837,1.3287792710568305,True,OK,48,8,Larval development,80.0,-6.973402788843202,-8.716753486054003
WMD,ivermectin,24.358777795976383,19.8302227172517,26.49792732913315,0.004900731695833576,0.9946256209993818,1.083674828319099,True,OK,48,8,Larval development,20.0,4.358777795976383,21.793888979881917
KGR,ivermectin,87.40582679124157,45.867809041971505,98.18726435533645,0.0001815845086060614,0.9999999999999999,1.21903411245627,True,OK,48,8,Survival,80.0,7.405826791241566,9.257283489051957
WMD,ivermectin,24.04559371509768,19.98027378994564,27.16228557448019,0.0014132352641415301,0.9829473417687461,1.2745376597238331,True,OK,48,8,Survival,20.0,4.045593715097681,20.227968575488404
KGR,ivermectin,67.28638666487672,51.64820207443192,102.52027775788824,0.03210119785399655,0.8213331523710676,1.6784289777923205,True,OK,48,8,Motility,80.0,-12.713613335123284,-15.892016668904105
WMD,ivermectin,21.180566954540286,16.870958603709546,26.379027425101327,0.01146601242352086,0.9361566795586008,1.2543004842921577,True,OK,48,8,Motility,20.0,1.1805669545402857,5.9028347727014285
