strain,drug,IC50,IC50_CI_low,IC50_CI_high,bottom,top,hill_slope,converged,message,n_observations,unique_doses,assay_workflow,expected_ic50,absolute_error,percent_error
KGR,thiabendazole,78.60154173262245,52.50964220363136,101.39194013327985,0.02324436931635876,0.9287059319421791,1.333373639315553,True,OK,48,8,Egg hatch,80.0,-1.3984582673775492,-1.7480728342219365
WMD,thiabendazole,18.71372700321068,16.48592693305511,21.062687995745698,0.014538471030415836,0.9509500348583986,1.2897248730697628,True,OK,48,8,Egg hatch,20.0,-1.2862729967893216,-6.431364983946608
