strain,drug,IC50,IC50_CI_low,IC50_CI_high,bottom,top,hill_slope,converged,message,n_observations,unique_doses,assay_workflow,expected_ic50,absolute_error,percent_error,reference_group,resistance_ratio,fold_resistance_vs_reference,fold_resistance_CI_low,fold_resistance_CI_high,fold_resistance_CI_method,resistance_ratio_message
KGR,thiabendazole,78.60154151252293,52.50964237128938,101.39194013942215,0.023244369394040527,0.9287059304244979,1.3333736416045137,True,OK,48,8,Egg hatch,80.0,-1.3984584874770718,-1.7480731093463397,WMD,4.200207777086317,4.200207777086317,2.646448516553305,5.537520270245204,bootstrap ratio from stored IC50 bootstrap samples,
WMD,thiabendazole,18.713726959252668,16.48592692225784,21.06268798548692,0.014538471744734906,0.9509500330018409,1.2897248846266853,True,OK,48,8,Egg hatch,20.0,-1.2862730407473322,-6.431365203736661,WMD,1.0,1.0,0.8448984948995565,1.186581947123265,bootstrap ratio from stored IC50 bootstrap samples,
