strain,drug,IC50,IC50_CI_low,IC50_CI_high,bottom,top,hill_slope,converged,message,n_observations,unique_doses,assay_workflow,expected_ic50,absolute_error,percent_error,reference_group,resistance_ratio,fold_resistance_vs_reference,fold_resistance_CI_low,fold_resistance_CI_high,fold_resistance_CI_method,resistance_ratio_message
KGR,ivermectin,73.0265972111568,52.74537819299231,94.8993176429938,0.028008460814713376,0.9115740414148837,1.3287792710568305,True,OK,48,8,Larval development,80.0,-6.973402788843202,-8.716753486054003,WMD,2.99795818258252,2.99795818258252,2.222668975007101,4.323207184625687,bootstrap ratio from stored IC50 bootstrap samples,
WMD,ivermectin,24.358777795976383,19.8302227172517,26.49792732913315,0.004900731695833576,0.9946256209993818,1.083674828319099,True,OK,48,8,Larval development,20.0,4.358777795976383,21.793888979881917,WMD,1.0,1.0,0.8126994898430183,1.2401416992095031,bootstrap ratio from stored IC50 bootstrap samples,
