strain,drug,IC50,IC50_CI_low,IC50_CI_high,bottom,top,hill_slope,converged,message,n_observations,unique_doses,assay_workflow,expected_ic50,absolute_error,percent_error
KGR,ivermectin,73.0265969780724,52.745378169290156,94.89931763839216,0.028008460816470224,0.9115740399321488,1.3287792724823622,True,OK,48,8,Larval development,80.0,-6.973403021927595,-8.716753777409494
WMD,ivermectin,24.35877769590487,19.830222749797695,26.497927318988896,0.004900731585001904,0.9946256199565451,1.0836748296074694,True,OK,48,8,Larval development,20.0,4.35877769590487,21.793888479524348
