strain,drug,IC50,IC50_CI_low,IC50_CI_high,bottom,top,hill_slope,converged,message,n_observations,unique_doses,assay_workflow,expected_ic50,absolute_error,percent_error,reference_group,resistance_ratio,fold_resistance_vs_reference,fold_resistance_CI_low,fold_resistance_CI_high,fold_resistance_CI_method,resistance_ratio_message
KGR,ivermectin,67.28638666487672,51.64820207443192,102.52027775788824,0.03210119785399655,0.8213331523710676,1.6784289777923205,True,OK,48,8,Motility,80.0,-12.713613335123284,-15.892016668904105,WMD,3.17679818530321,3.17679818530321,2.215959351417494,5.274731482611534,bootstrap ratio from stored IC50 bootstrap samples,
WMD,ivermectin,21.180566954540286,16.870958603709546,26.379027425101327,0.01146601242352086,0.9361566795586008,1.2543004842921577,True,OK,48,8,Motility,20.0,1.1805669545402857,5.9028347727014285,WMD,1.0,1.0,0.7242977907311812,1.3654564288908846,bootstrap ratio from stored IC50 bootstrap samples,
