strain,drug,IC50,IC50_CI_low,IC50_CI_high,bottom,top,hill_slope,converged,message,n_observations,unique_doses,assay_workflow,expected_ic50,absolute_error,percent_error,reference_group,resistance_ratio,fold_resistance_vs_reference,fold_resistance_CI_low,fold_resistance_CI_high,fold_resistance_CI_method,resistance_ratio_message
KGR,ivermectin,87.40582679124157,45.867809041971505,98.18726435533645,0.0001815845086060614,0.9999999999999999,1.21903411245627,True,OK,48,8,Survival,80.0,7.405826791241566,9.257283489051957,WMD,3.635003894138053,3.635003894138053,1.9107714065975345,4.618351467075487,bootstrap ratio from stored IC50 bootstrap samples,
WMD,ivermectin,24.04559371509768,19.98027378994564,27.16228557448019,0.0014132352641415301,0.9829473417687461,1.2745376597238331,True,OK,48,8,Survival,20.0,4.045593715097681,20.227968575488404,WMD,1.0,1.0,0.7935223251491882,1.269658499606971,bootstrap ratio from stored IC50 bootstrap samples,
