strain,drug,IC50,IC50_CI_low,IC50_CI_high,bottom,top,hill_slope,converged,message,n_observations,unique_doses,assay_workflow,expected_ic50,absolute_error,percent_error
KGR,ivermectin,87.40582680659173,45.86780856126877,98.18726436581083,0.0001815845690337211,0.9999999999999999,1.2190341134437124,True,OK,48,8,Survival,80.0,7.405826806591733,9.257283508239667
WMD,ivermectin,24.045593809046704,19.980273800259347,27.162285577971502,0.001413235061124495,0.9829473432889015,1.2745376543365985,True,OK,48,8,Survival,20.0,4.045593809046704,20.227969045233518
